INSERT INTO `users`(`id`, `name`, `dob`, `gender`, `description`, `email`, `provider`, `provider_id`, `email_verified_at`, `password`, `avatar`, `role`, `remember_token`, `created_at`, `updated_at`) VALUES 
(10,'Nguyễn Ngọc Minh',null,'Male','Student','ngocminh@gmail.com',null,null,null,'$2y$10$8VDacefg/oTL5Cg4CaWAAe0RyWkVth182YfAWsGq6p7jA2Rjt9QTS','defaultMale.jpg','user',null,'2021-10-21 07:37:06','2021-10-21 07:37:06'),
(11,'Nguyễn Thanh Hà',null,'Female','Student','thanhha@gmail.com',null,null,null,'$2y$10$8VDacefg/oTL5Cg4CaWAAe0RyWkVth182YfAWsGq6p7jA2Rjt9QTS','defaultFemale.jpg','user',null,'2021-10-21 07:37:06','2021-10-21 07:37:06'),
(12,'Trần Bảo Ngọc',null,'Female','Student','baongoc@gmail.com',null,null,null,'$2y$10$8VDacefg/oTL5Cg4CaWAAe0RyWkVth182YfAWsGq6p7jA2Rjt9QTS','defaultFemale.jpg','user',null,'2021-10-21 07:37:06','2021-10-21 07:37:06'),
(13,'Nguyễn Quốc Cường',null,'Male','Student','quoccuong@gmail.com',null,null,null,'$2y$10$8VDacefg/oTL5Cg4CaWAAe0RyWkVth182YfAWsGq6p7jA2Rjt9QTS','defaultMale.jpg','user',null,'2021-10-21 07:37:06','2021-10-21 07:37:06'),
(14,'Đinh Quang Minh',null,'Male','Student','quangminh@gmail.com',null,null,null,'$2y$10$8VDacefg/oTL5Cg4CaWAAe0RyWkVth182YfAWsGq6p7jA2Rjt9QTS','defaultMale.jpg','user',null,'2021-10-21 07:37:06','2021-10-21 07:37:06'),
(15,'Phùng Vũ',null,'Male','Student','phungvu@gmail.com',null,null,null,'$2y$10$8VDacefg/oTL5Cg4CaWAAe0RyWkVth182YfAWsGq6p7jA2Rjt9QTS','defaultMale.jpg','user',null,'2021-10-21 07:37:06','2021-10-21 07:37:06'),
(16,'Nguyễn Quang Tiến',null,'Male','Student','quangtien@gmail.com',null,null,null,'$2y$10$8VDacefg/oTL5Cg4CaWAAe0RyWkVth182YfAWsGq6p7jA2Rjt9QTS','defaultMale.jpg','user',null,'2021-10-21 07:37:06','2021-10-21 07:37:06'),
(17,'Hà Văn Quảng',null,'Male','Student','vanquang@gmail.com',null,null,null,'$2y$10$8VDacefg/oTL5Cg4CaWAAe0RyWkVth182YfAWsGq6p7jA2Rjt9QTS','defaultMale.jpg','user',null,'2021-10-21 07:37:06','2021-10-21 07:37:06'),
(18,'Nguyễn Thục Anh',null,'Female','Student','thucanh@gmail.com',null,null,null,'$2y$10$8VDacefg/oTL5Cg4CaWAAe0RyWkVth182YfAWsGq6p7jA2Rjt9QTS','defaultFemale.jpg','user',null,'2021-10-21 07:37:06','2021-10-21 07:37:06'),
(19,'Đào Mỹ Linh',null,'Female','Student','mylinh@gmail.com',null,null,null,'$2y$10$8VDacefg/oTL5Cg4CaWAAe0RyWkVth182YfAWsGq6p7jA2Rjt9QTS','defaultFemale.jpg','user',null,'2021-10-21 07:37:06','2021-10-21 07:37:06'),
(20,'Phan Chiến Thắng',null,'Male','Student','chienthang@gmail.com',null,null,null,'$2y$10$8VDacefg/oTL5Cg4CaWAAe0RyWkVth182YfAWsGq6p7jA2Rjt9QTS','defaultMale.jpg','user',null,'2021-10-21 07:37:06','2021-10-21 07:37:06');

INSERT INTO `quiz`(`id`, `id_user`, `quiz_name`, `number_questions`, `check`, `created_at`, `updated_at`) VALUES 
(1,4,'Lịch Sử Đảng 01','10',1,'2021-10-21 07:37:06','2021-10-21 07:37:06'),
(2,4,'Lịch Sử Đảng 02','10',1,'2021-10-21 07:37:06','2021-10-21 07:37:06'),
(3,4,'Tiếng Anh Giao Tiếp 01','10',1,'2021-10-21 07:37:06','2021-10-21 07:37:06'),
(4,4,'Tiếng Anh Giao Tiếp 02 ','10',1,'2021-10-21 07:37:06','2021-10-21 07:37:06');

INSERT INTO `detail_quiz`(`id`, `id_quiz`, `question`, `ans_1`, `ans_2`, `ans_3`, `ans_4`, `true_ans`, `created_at`, `updated_at`) VALUES 
(1,1,'Thời gian thực dân Pháp tiến hành khai thác thuộc địa lần thứ nhất ở Việt Nam khi nào ?','1858-1884','1884-1896','1896-1913','1914-1918','ques_1ans_3','2021-10-21 07:37:06','2021-10-21 07:37:06'),
(2,1,'Trong đợt khai thác thuộc địa lần thứ nhất của thực dân Pháp ở nước ta có giai cấp mới nào được hình thành?','Giai cấp tư sản','Giai cấp tư sản và công nhân','Giai cấp công nhân','Giai cấp tiểu tư sản','ques_2ans_3','2021-10-21 07:37:06','2021-10-21 07:37:06'),
(3,1,'Trước Chiến tranh thế giới thứ nhất, ở Việt Nam có những giai cấp nào?','Địa chủ phong kiến và nông dân','Địa chủ phong kiến, nông dân, tư sản, tiểu tư sản và công nhân','Địa chủ phong kiến, nông dân và công nhân','Địa chủ phong kiến, nông dân và tiểu tư sản','ques_3ans_2','2021-10-21 07:37:06','2021-10-21 07:37:06'),
(4,1,'Dưới chế độ thực dân phong kiến, giai cấp nông dân Việt Nam có yêu cầu bức thiết nhất là gì?','Độc lập dân tộc','Ruộng đất','Quyền bình đẳng nam, nữ','Được giảm tô, giảm tức','ques_4ans_1','2021-10-21 07:37:06','2021-10-21 07:37:06'),
(5,1,'Mâu thuẫn chủ yếu trong thời kỳ này là?','Mâu thuẫn giữa giai cấp nông dân với giai cấp địa chủ phong kiến','Mâu thuẫn giữa giai cấp công nhân với giai cấp tư sản','Mâu thuẫn giữa công nhân và nông dân với đế quốc và phong kiến','Mâu thuẫn giữa dân tộc Việt Nam với đế quốc xâm lược và tay sai của chúng','ques_5ans_4','2021-10-21 07:37:06','2021-10-21 07:37:06'),
(6,1,'Đặc điểm ra đời của giai cấp công nhân Việt Nam như thế nào?','Ra đời trước giai cấp tư sản, trong cuộc khai thác thuộc địa lần thứ nhất của thực dân Pháp.','Phần lớn xuất thân từ nông dân.','Chịu sự áp bức và bóc lột của đế quốc, phong kiến và tư sản','Cả a, b và c','ques_6ans_4','2021-10-21 07:37:06','2021-10-21 07:37:06'),
(7,1,'Những giai cấp bị trị ở Việt Nam dưới chế độ thuộc địa của đế quốc Pháp là:','Công nhân và nông dân','Công nhân, nông dân, tiểu tư sản','Công nhân, nông dân, tiểu tư sản, tư sản dân tộc','Công nhân, nông dân, tiểu tư sản, tư sản dân tộc, địa chủ vừa và nhỏ','ques_7ans_4','2021-10-21 07:37:06','2021-10-21 07:37:06'),
(8,1,'Khi nào phong trào công nhân Việt Nam hoàn toàn trở thành một phong trào tự giác?','Năm 1920 (tổ chức công hội ở Sài Gòn được thành lập)','Năm 1925 (cuộc bãi công Ba Son)','Năm 1929 (sự ra đời ba tổ chức cộng sản)','Năm 1930 (Đảng Cộng sản Việt Nam ra đời)','ques_8ans_2','2021-10-21 07:37:06','2021-10-21 07:37:06'),
(9,1,'Nguyễn ái Quốc lựa chọn con đường giải phóng dân tộc theo khuynh hướng chính trị vô sản vào thời gian nào?','1917','1918','1919','1920','ques_9ans_4','2021-10-21 07:37:06','2021-10-21 07:37:06'),
(10,1,'Báo Đời sống công nhân là của tổ chức nào?','Đảng Xã hội Pháp','Đảng Cộng sản Pháp','Tổng Liên đoàn Lao động Pháp','Hội Liên hiệp thuộc địa','ques_10ans_4','2021-10-21 07:37:06','2021-10-21 07:37:06'),
(11,2,'Hội Liên hiệp thuộc địa được thành lập vào năm nào?','1920','1921','1922','1923','ques_1ans_2','2021-10-21 07:37:06','2021-10-21 07:37:06'),
(12,2,'Nguyễn ái Quốc đã đọc Sơ thảo lần thứ nhất Luận cương về vấn đề dân tộc và vấn đề thuộc địa khi nào? ở đâu?','7/ 1920 - Liên Xô','7/ 1920 - Pháp','7/1920 - Quảng Châu','8/1920 - Trung Quốc','ques_2ans_3','2021-10-21 07:37:06','2021-10-21 07:37:06'),
(13,2,'Sự kiện nào được Nguyễn ái Quốc đánh giá "như chim én nhỏ báo hiệu mùa Xuân"?','Cách mạng tháng Mười Nga bùng nổ và thắng lợi','Sự thành lập Đảng Cộng sản Pháp','Vụ mưu sát tên toàn quyền Méclanh của Phạm Hồng Thái','Sự thành lập Hội Việt Nam cách mạng thanh niên','ques_3ans_3','2021-10-21 07:37:06','2021-10-21 07:37:06'),
(14,2,'Phong trào đòi trả tự do cho cụ Phan Bội Châu diễn ra sôi nổi năm nào?','1924','1925','1926','1927','ques_4ans_2','2021-10-21 07:37:06','2021-10-21 07:37:06'),
(15,2,'Nguyễn ái Quốc từ Liên Xô về Quảng Châu (Trung Quốc) vào thời gian nào?','12/1924','12/1925','11/1924','10/1924','ques_5ans_1','2021-10-21 07:37:06','2021-10-21 07:37:06'),
(16,2,'Hội Việt Nam Cách mạng Thanh niên thực hiện chủ trương "vô sản hoá" khi nào?','Cuối năm 1926 đầu năm 1927','Cuối năm 1927 đầu năm 1928','Cuối năm 1928 đầu năm 1929','Cuối năm 1929 đầu năm 1930','ques_6ans_3','2021-10-21 07:37:06','2021-10-21 07:37:06'),
(17,2,'Tên chính thức của tổ chức này được đặt tại Đại hội lần thứ nhất ở Quảng Châu (tháng 5-1929) là gì?','Việt Nam Thanh niên cách mạng đồng chí Hội','Hội Việt Nam cách mạng đồng minh','Hội Việt Nam độc lập đồng minh','Hội Việt Nam Cách mạng Thanh niên','ques_7ans_4','2021-10-21 07:37:06','2021-10-21 07:37:06'),
(18,2,'Việt Nam Quốc dân Đảng được thành lập vào thời gian nào?','12/1927','11/1926','8/1925','7/1925','ques_8ans_1','2021-10-21 07:37:06','2021-10-21 07:37:06'),
(19,2,'Ai là người đã tham gia sáng lập Việt Nam Quốc dân Đảng 1927 ?','Tôn Quang Phiệt','Trần Huy Liệu','Phạm Tuấn Tài','Nguyễn Thái Học','ques_9ans_3','2021-10-21 07:37:06','2021-10-21 07:37:06'),
(20,2,'Khởi nghĩa Yên Bái nổ ra vào thời gian nào?','9-2-1930','9-3-1930','3-2-1930','9-3-1931','ques_10ans_1','2021-10-21 07:37:06','2021-10-21 07:37:06'),
(21,3,'“Bye!” – “________.”','See you lately','Thank you','Meet you again','See you later','ques_1ans_4','2021-10-21 07:37:06','2021-10-21 07:37:06'),
(22,3,'“I’ve passed my driving test.” – “_____________.”','Congratulations! ','That’s a good idea.','It’s nice of you to say so.','Do you?','ques_2ans_1','2021-10-21 07:37:06','2021-10-21 07:37:06'),
(23,3,'“Could I have ____________ more sugar in my coffee, please?”','little','many ','some','few','ques_3ans_3','2021-10-21 07:37:06','2021-10-21 07:37:06'),
(24,3,'“Would you like to have dinner with me?” –“______________.”','Yes, I’d love to','Yes, so do I','I’m very happy','Yes, it is','ques_4ans_1','2021-10-21 07:37:06','2021-10-21 07:37:06'),
(25,3,'“____________where the nearest post office is?”   – “Turn left and then turn right.”','Could you tell me','Should you show me','Do you tell me','Will you say me','ques_5ans_1','2021-10-21 07:37:06','2021-10-21 07:37:06'),
(26,3,'“How do you do?”  – “______________.”','How do you do?','Not too bad.','I’m well. Thank you.','Yeah, OK.','ques_6ans_1','2021-10-21 07:37:06','2021-10-21 07:37:06'),
(27,3,'“Do you think you’ll get the job?  – “________.”','Yes, that’s right','I think not','I know so','Well, I hope so','ques_7ans_4','2021-10-21 07:37:06','2021-10-21 07:37:06'),
(28,3,'“Happy Christmas!”  – “_________.”','The same to you!','Happy Christmas with you!','You are the same!','Same for you!','ques_8ans_1','2021-10-21 07:37:06','2021-10-21 07:37:06'),
(29,3,'“Thank you very much for a lovely party.”  – “_________.”','Cheers','Thanks','Have a good day','You are welcome','ques_9ans_4','2021-10-21 07:37:06','2021-10-21 07:37:06'),
(30,3,'“Would you like something to eat?” –“__________. I’m not hungry now.”','Yes, I would','No, no problem','No, thanks','Yes, it is','ques_10ans_3','2021-10-21 07:37:06','2021-10-21 07:37:06'),
(31,4,'“Thanks for the lovely evening.”   – “_________.”','Yes, it’s really great','No, it’s not good','Oh, that’s right ','I’m glad you enjoyed it','ques_1ans_4','2021-10-21 07:37:06','2021-10-21 07:37:06'),
(32,4,'“How far is it from here to the nearest post office?” – “__________.”','Turn left and then turn right','Two kilometers at least','No, it’s rather far','Yes, it’s quite near here','ques_2ans_2','2021-10-21 07:37:06','2021-10-21 07:37:06'),
(33,4,'“What ____________ this weekend?”  –“Oh, we’re going windsurfing. It’s fantastic!”','would you do','are you going','do you go','are you doing','ques_3ans_4','2021-10-21 07:37:06','2021-10-21 07:37:06'),
(34,4,'“Could you bring me some water?”  – “_________.”','Certainly, sir','No, I can’t','Yes, I can','I don’t want to','ques_4ans_1','2021-10-21 07:37:06','2021-10-21 07:37:06'),
(35,4,'“______________?”     – “He’s tall and thin with blue eyes.”','What does John look like','Who does John look like','How is John doing','What does John like','ques_5ans_1','2021-10-21 07:37:06','2021-10-21 07:37:06'),
(36,4,'“_____________”  – “Well, a microwave is used to cook or heat food.”','Could you tell me what is a microwave used for?','Please tell me how to use a microwave?','Can you tell me what is used for cooking?','Could you tell me what a microwave is used for?','ques_6ans_4','2021-10-21 07:37:06','2021-10-21 07:37:06'),
(37,4,'“What will we do when we want to call the Fire Service?”    – “___________”','Dial 113','Dial 114 ','Dial 115','Dial 116','ques_7ans_2','2021-10-21 07:37:06','2021-10-21 07:37:06'),
(38,4,'"What do you know about Adele?"','That is good','My favorite food','Be silent','Bristish','ques_8ans_4','2021-10-21 07:37:06','2021-10-21 07:37:06'),
(39,4,'"How is it going?"','It is a pity','I am sorry','I have no time','Good','ques_9ans_4','2021-10-21 07:37:06','2021-10-21 07:37:06'),
(40,4,'"Your ____ is mine"','money','heart','mind','soul','ques_10ans_4','2021-10-21 07:37:06','2021-10-21 07:37:06');
